{"cameraMode":{"drawMode":0,"name":"Shaded","section":"Shading Mode"},"sceneLighting":true,"audioPlay":false,"sceneViewState":{"showFog":true,"showMaterialUpdate":false,"showSkybox":true,"showFlares":true,"showImageEffects":true,"showParticleSystems":true},"in2DMode":false,"pivot":{"x":-77.66715240478516,"y":-137.39768981933595,"z":268.8858337402344},"rotation":{"x":0.2967563569545746,"y":-0.12274794280529022,"z":0.03849535062909126,"w":0.9462488293647766},"size":482.0829162597656,"orthographic":false}