{"cameraMode":{"drawMode":0,"name":"Shaded","section":"Shading Mode"},"sceneLighting":true,"audioPlay":false,"sceneViewState":{"showFog":true,"showMaterialUpdate":false,"showSkybox":true,"showFlares":true,"showImageEffects":true,"showParticleSystems":true},"in2DMode":false,"pivot":{"x":-53.676124572753909,"y":-28.06634521484375,"z":56.835044860839847},"rotation":{"x":0.5126161575317383,"y":-0.15529492497444154,"z":0.09487021714448929,"w":0.8391112685203552},"size":216.6498260498047,"orthographic":false}